order_date,TRAILHEAD-GRILL-BLK,TRAILHEAD-GRILL-PRO-V2,CI-SKILLET-10IN,CI-DUTCHOVEN-6QT,CAMPKIT-DELUXE,CAMPKIT-BASIC,NEST-COOKWARE-8PC,ACC-WINDSHIELD-SET,ACC-PREPTABLE-FOLD,ACC-COFFEEPRESS-INS,ACC-FIRETOOL-SET,ACC-GRATE-CLEANER
2025-01-01,5,3,5,3,1,0,0,0,1,3,1,1
2025-01-02,7,0,5,3,3,1,2,2,0,2,2,2
2025-01-03,3,2,3,3,1,3,0,0,1,1,1,5
2025-01-04,4,0,5,2,1,1,1,2,1,4,1,2
2025-01-05,4,0,4,2,1,0,2,3,1,3,4,2
2025-01-06,2,0,4,3,2,1,2,0,1,2,3,2
2025-01-07,3,0,6,1,0,1,1,1,0,1,1,3
2025-01-08,2,1,4,1,2,1,0,0,1,2,4,1
2025-01-09,2,0,5,2,0,0,1,2,0,5,2,4
2025-01-10,8,1,4,3,1,2,0,1,0,4,1,4
2025-01-11,2,2,3,3,2,3,0,1,0,2,3,7
2025-01-12,4,0,7,1,0,3,1,1,0,3,4,3
2025-01-13,2,1,4,3,2,0,1,1,0,1,2,3
2025-01-14,2,0,4,3,3,1,0,3,2,2,2,1
2025-01-15,3,0,4,5,2,0,1,1,1,1,1,3
2025-01-16,2,0,5,1,0,1,0,0,1,2,3,1
2025-01-17,4,0,5,1,0,2,3,0,2,2,4,6
2025-01-18,3,0,7,2,1,2,3,1,0,3,2,5
2025-01-19,2,0,10,3,2,2,1,0,1,3,3,2
2025-01-20,2,3,4,2,1,1,3,1,0,4,1,1
2025-01-21,3,1,3,4,0,0,2,2,1,4,7,4
2025-01-22,2,0,5,1,2,3,1,0,0,3,2,1
2025-01-23,2,1,4,4,0,1,1,2,0,4,4,4
2025-01-24,2,0,4,2,1,1,2,0,1,4,3,4
2025-01-25,1,0,8,2,0,1,1,2,0,5,1,5
2025-01-26,1,0,5,4,1,4,0,1,2,4,2,2
2025-01-27,5,0,5,4,0,0,0,0,0,2,1,3
2025-01-28,2,0,3,2,2,2,0,0,0,7,2,5
2025-01-29,2,0,5,1,0,0,2,0,0,1,1,2
2025-01-30,2,1,4,1,0,1,1,1,0,3,5,4
2025-01-31,4,0,3,3,0,4,0,1,0,3,4,2
2025-02-01,3,0,3,4,0,3,1,2,0,3,2,5
2025-02-02,5,0,6,7,1,1,0,1,1,5,2,4
2025-02-03,4,2,7,2,0,3,0,1,0,3,2,3
2025-02-04,3,0,3,3,0,1,3,1,1,3,1,3
2025-02-05,6,1,3,3,0,1,2,1,1,3,3,4
2025-02-06,4,1,5,2,0,1,1,2,0,2,3,4
2025-02-07,3,4,9,3,2,1,0,2,2,3,4,6
2025-02-08,5,2,7,2,0,2,2,1,0,3,5,3
2025-02-09,3,2,8,5,0,1,3,0,0,2,3,4
2025-02-10,2,0,8,1,2,3,0,0,0,2,1,2
2025-02-11,3,1,6,3,0,1,2,2,0,1,3,4
2025-02-12,3,1,7,2,1,0,1,1,1,2,1,2
2025-02-13,4,2,4,3,2,2,2,1,1,3,3,3
2025-02-14,4,1,7,2,1,2,1,1,1,2,4,7
2025-02-15,2,0,8,3,6,4,2,1,0,4,4,3
2025-02-16,3,1,8,1,2,3,1,0,2,4,2,3
2025-02-17,1,0,6,5,1,2,0,1,0,4,5,3
2025-02-18,4,0,8,6,2,1,1,1,0,4,1,4
2025-02-19,4,0,4,3,2,0,1,0,2,2,2,1
2025-02-20,3,0,3,1,4,0,1,1,1,3,2,4
2025-02-21,3,1,7,2,0,3,2,3,1,2,2,2
2025-02-22,4,0,6,2,3,2,0,0,1,2,3,5
2025-02-23,4,1,8,1,0,2,0,1,1,3,2,4
2025-02-24,2,0,4,1,1,1,1,2,1,4,1,2
2025-02-25,5,2,6,4,2,1,4,1,0,3,2,2
2025-02-26,4,0,5,2,3,1,0,0,1,4,3,2
2025-02-27,7,0,7,3,1,0,0,2,1,3,2,3
2025-02-28,3,1,6,1,0,1,1,0,1,2,3,2
2025-03-01,9,0,8,2,1,2,1,2,1,4,2,7
2025-03-02,4,1,14,3,1,1,1,1,1,6,5,5
2025-03-03,6,3,11,3,2,3,1,1,1,3,5,4
2025-03-04,5,2,10,7,2,2,3,0,2,2,5,6
2025-03-05,6,1,12,4,3,4,1,0,1,4,4,7
2025-03-06,6,1,7,2,3,3,2,3,0,4,5,5
2025-03-07,6,0,8,5,3,1,3,1,1,4,6,5
2025-03-08,7,3,8,5,1,3,1,4,4,6,4,4
2025-03-09,5,1,9,7,2,3,3,2,0,6,3,5
2025-03-10,7,0,12,6,4,2,1,2,1,5,4,6
2025-03-11,8,1,9,3,2,2,3,2,1,5,4,4
2025-03-12,4,1,14,3,1,4,6,2,1,6,6,3
2025-03-13,5,1,10,4,3,1,2,1,2,7,2,7
2025-03-14,9,0,14,8,2,1,1,2,1,3,6,8
2025-03-15,7,3,15,7,3,3,3,1,0,6,5,9
2025-03-16,5,1,12,8,2,2,2,2,1,8,5,6
2025-03-17,5,2,10,2,4,2,2,1,0,7,5,7
2025-03-18,8,0,8,6,3,2,4,1,1,7,4,7
2025-03-19,7,0,10,4,2,4,2,2,0,5,6,7
2025-03-20,7,2,11,7,3,2,2,3,0,7,6,7
2025-03-21,7,2,12,6,2,4,3,3,4,7,5,7
2025-03-22,10,5,13,3,4,3,2,1,3,9,4,6
2025-03-23,5,1,11,7,2,4,3,2,3,4,3,6
2025-03-24,8,5,11,6,3,3,1,4,1,4,4,9
2025-03-25,12,2,12,5,4,2,2,1,1,8,4,10
2025-03-26,5,1,11,8,4,7,2,2,1,6,10,10
2025-03-27,7,2,14,7,3,4,2,6,2,6,5,7
2025-03-28,10,1,15,7,2,3,1,2,1,6,5,7
2025-03-29,11,4,14,7,2,4,5,4,3,5,6,7
2025-03-30,6,2,17,3,2,6,2,2,2,8,8,7
2025-03-31,9,2,12,6,1,5,1,2,1,6,5,5
2025-04-01,6,1,10,6,2,4,1,1,0,4,7,7
2025-04-02,4,0,10,5,1,3,4,2,1,3,5,4
2025-04-03,6,0,8,4,3,4,4,0,2,4,4,8
2025-04-04,7,0,8,5,2,3,2,1,1,8,3,9
2025-04-05,9,1,16,5,2,2,2,1,1,4,3,6
2025-04-06,4,1,16,4,4,2,1,4,0,6,5,9
2025-04-07,6,1,9,5,2,3,4,1,2,3,4,4
2025-04-08,7,2,10,2,3,4,3,3,1,5,3,8
2025-04-09,6,1,8,4,1,3,3,1,2,4,5,4
2025-04-10,6,2,12,5,2,2,2,1,1,6,7,6
2025-04-11,6,0,12,5,1,3,1,1,0,8,7,7
2025-04-12,9,3,15,4,1,5,2,1,0,6,5,4
2025-04-13,9,1,10,5,3,3,1,1,2,5,5,7
2025-04-14,8,0,6,8,4,1,2,2,1,5,5,9
2025-04-15,5,1,9,5,1,4,2,1,1,4,3,3
2025-04-16,4,1,9,5,3,3,1,2,0,4,8,4
2025-04-17,6,1,11,8,1,1,2,1,2,6,4,6
2025-04-18,10,4,12,5,2,1,3,2,2,5,3,6
2025-04-19,6,1,13,4,3,5,3,3,1,7,8,8
2025-04-20,7,2,12,6,1,2,2,4,0,8,4,5
2025-04-21,3,3,9,4,4,3,2,2,1,5,2,6
2025-04-22,5,0,11,5,2,2,5,0,4,4,3,3
2025-04-23,11,1,8,6,1,3,1,1,0,5,4,6
2025-04-24,8,3,10,7,1,2,1,2,1,7,4,8
2025-04-25,7,2,13,7,3,3,2,3,2,7,6,6
2025-04-26,8,2,13,3,5,2,1,2,1,6,7,7
2025-04-27,7,2,12,4,2,5,2,1,1,4,5,4
2025-04-28,8,1,12,7,2,1,2,0,1,7,7,5
2025-04-29,8,2,10,4,6,2,2,0,0,6,3,6
2025-04-30,6,2,11,4,2,1,1,1,0,6,3,8
2025-05-01,5,1,10,5,2,2,1,1,2,4,4,4
2025-05-02,6,0,13,6,2,2,2,0,1,5,5,3
2025-05-03,7,1,10,8,1,2,3,1,2,9,5,7
2025-05-04,9,0,9,6,3,3,1,2,0,4,7,7
2025-05-05,6,1,11,5,1,2,2,0,2,7,4,5
2025-05-06,5,0,7,5,3,5,1,0,1,3,7,6
2025-05-07,6,0,7,7,3,3,2,1,1,6,4,4
2025-05-08,7,3,9,3,2,3,2,0,0,9,4,8
2025-05-09,8,2,8,4,3,4,1,0,0,6,4,6
2025-05-10,6,2,9,3,3,3,2,3,0,8,3,8
2025-05-11,6,1,9,4,3,2,2,5,1,6,4,6
2025-05-12,6,2,9,7,1,1,3,3,0,6,3,4
2025-05-13,8,2,6,5,4,2,1,2,0,4,5,4
2025-05-14,5,0,11,3,2,1,2,0,0,3,7,7
2025-05-15,8,4,10,5,2,2,2,0,4,6,5,6
2025-05-16,7,1,15,6,1,4,3,3,1,6,4,6
2025-05-17,7,3,8,5,3,6,3,1,1,9,5,6
2025-05-18,7,2,11,5,1,3,1,1,2,6,5,6
2025-05-19,5,1,11,2,3,1,2,0,1,6,3,7
2025-05-20,5,3,8,5,4,3,4,2,0,3,5,5
2025-05-21,7,1,8,4,1,4,3,3,1,2,6,6
2025-05-22,6,3,10,5,2,4,1,1,2,5,3,7
2025-05-23,6,2,12,3,2,2,1,2,1,4,3,6
2025-05-24,6,1,12,8,2,2,3,6,1,5,4,9
2025-05-25,4,2,13,5,4,3,1,0,1,4,4,4
2025-05-26,8,1,10,4,2,3,3,2,1,4,2,5
2025-05-27,7,1,16,2,2,1,2,0,0,2,6,5
2025-05-28,7,0,11,4,2,3,2,0,1,4,4,4
2025-05-29,5,0,11,5,2,1,1,0,0,4,3,9
2025-05-30,6,0,13,4,1,2,5,5,3,4,4,5
2025-05-31,7,0,11,5,1,2,1,0,0,5,7,4
2025-06-01,7,2,13,7,1,3,3,2,2,5,4,3
2025-06-02,6,2,11,3,5,1,2,0,1,7,4,7
2025-06-03,7,0,12,5,1,1,4,1,0,3,4,8
2025-06-04,6,0,7,3,2,1,2,1,0,5,4,5
2025-06-05,7,1,13,6,3,1,2,0,7,5,4,7
2025-06-06,6,2,8,5,4,4,2,4,0,4,5,6
2025-06-07,7,0,17,8,1,4,2,0,1,4,7,7
2025-06-08,0,1,11,6,1,2,4,1,0,5,4,7
2025-06-09,0,1,10,2,2,2,3,0,0,4,8,5
2025-06-10,0,1,13,5,4,3,3,0,1,5,3,7
2025-06-11,0,2,9,4,2,6,3,3,1,8,6,4
2025-06-12,0,1,13,6,2,1,2,1,1,5,4,5
2025-06-13,0,3,7,6,5,3,2,2,0,6,3,4
2025-06-14,0,1,8,4,1,2,3,0,1,5,6,9
2025-06-15,0,2,12,7,2,5,1,1,0,4,2,8
2025-06-16,0,3,10,5,2,3,1,2,2,3,4,6
2025-06-17,0,0,10,4,1,3,1,2,1,5,2,3
2025-06-18,0,4,13,8,4,6,2,4,1,5,6,6
2025-06-19,0,1,9,5,1,2,1,3,0,5,6,3
2025-06-20,0,1,11,7,1,5,2,1,3,6,7,6
2025-06-21,0,1,14,6,5,4,2,3,0,6,7,11
2025-06-22,0,1,17,5,1,2,2,3,0,9,3,8
2025-06-23,0,2,14,3,4,2,1,0,1,12,6,5
2025-06-24,0,3,8,6,2,2,2,0,0,6,2,6
2025-06-25,0,0,7,4,3,4,1,1,1,4,4,4
2025-06-26,0,2,11,6,4,4,2,2,1,7,4,6
2025-06-27,0,2,9,3,2,2,3,3,1,5,4,7
2025-06-28,0,1,16,5,1,1,2,3,2,5,8,9
2025-06-29,38,1,9,5,1,3,4,0,2,7,7,6
2025-06-30,24,1,9,6,3,2,2,2,1,6,6,8
2025-07-01,7,2,12,6,5,6,4,3,1,5,5,5
2025-07-02,6,3,14,6,4,2,2,3,3,5,4,12
2025-07-03,7,2,10,8,6,4,1,3,1,6,5,9
2025-07-04,4,1,15,6,2,3,2,1,2,11,7,11
2025-07-05,6,4,16,8,3,3,4,3,1,9,6,6
2025-07-06,7,5,11,5,3,4,5,3,3,9,3,7
2025-07-07,5,2,16,5,3,1,1,3,0,9,5,8
2025-07-08,7,1,13,7,2,4,2,2,2,5,6,7
2025-07-09,7,1,11,5,3,4,5,4,1,3,4,7
2025-07-10,10,2,17,4,2,4,2,2,3,5,4,8
2025-07-11,8,1,15,10,5,3,5,1,1,8,5,9
2025-07-12,8,1,14,9,1,3,4,2,4,6,8,7
2025-07-13,8,2,13,6,3,4,2,1,0,13,5,8
2025-07-14,6,3,8,5,3,3,1,2,0,5,5,6
2025-07-15,8,4,9,5,1,3,4,3,2,7,8,6
2025-07-16,6,1,11,6,3,6,4,2,1,6,7,7
2025-07-17,5,1,13,4,5,2,2,2,2,11,6,7
2025-07-18,12,1,13,7,4,3,1,4,1,5,6,10
2025-07-19,6,2,18,6,1,4,3,2,1,6,5,12
2025-07-20,9,1,18,5,1,4,2,2,2,7,9,8
2025-07-21,8,3,14,9,2,5,1,2,1,7,8,5
2025-07-22,7,2,12,8,3,2,2,1,4,6,5,9
2025-07-23,6,1,14,7,2,4,1,4,1,4,9,8
2025-07-24,11,2,16,6,2,3,3,4,1,9,5,9
2025-07-25,8,2,13,8,4,5,1,3,1,5,6,10
2025-07-26,5,2,17,7,4,4,2,2,2,8,5,6
2025-07-27,8,2,11,5,4,5,2,1,0,4,4,8
2025-07-28,11,2,16,5,3,1,2,3,3,6,7,7
2025-07-29,8,1,12,6,2,3,1,3,3,7,7,5
2025-07-30,8,1,13,4,4,5,5,1,1,4,5,6
2025-07-31,10,1,18,4,2,4,5,2,2,7,7,7
2025-08-01,7,1,16,7,6,5,2,3,3,9,9,10
2025-08-02,11,1,14,6,5,3,2,3,3,7,8,8
2025-08-03,10,3,16,10,4,4,2,5,4,8,4,11
2025-08-04,9,1,17,4,1,2,1,4,2,4,6,8
2025-08-05,8,3,10,8,5,3,3,2,1,7,3,7
2025-08-06,6,3,16,5,5,6,3,3,2,8,6,7
2025-08-07,8,4,12,5,2,4,1,1,3,12,5,4
2025-08-08,6,3,12,9,3,2,4,3,3,8,6,8
2025-08-09,11,2,13,7,4,6,4,4,3,5,5,13
2025-08-10,11,2,14,5,1,5,3,2,3,12,6,10
2025-08-11,11,1,15,7,2,4,1,2,0,6,6,9
2025-08-12,6,2,12,6,6,3,3,3,1,3,5,9
2025-08-13,7,1,14,7,3,3,2,2,1,8,4,5
2025-08-14,6,2,13,3,2,4,3,3,2,7,6,7
2025-08-15,7,2,12,7,1,3,3,2,4,7,11,11
2025-08-16,10,2,11,8,4,4,5,2,2,8,6,7
2025-08-17,8,3,13,6,2,5,3,1,0,5,3,8
2025-08-18,8,2,14,5,5,3,1,1,1,6,8,7
2025-08-19,7,2,10,8,2,4,2,3,0,3,5,9
2025-08-20,9,4,16,6,3,1,2,4,0,9,7,4
2025-08-21,7,2,15,4,3,3,2,3,0,6,7,6
2025-08-22,7,4,13,6,2,7,6,1,0,7,4,10
2025-08-23,7,1,15,5,2,5,2,1,1,4,6,4
2025-08-24,6,4,12,5,1,2,1,1,1,3,5,7
2025-08-25,7,0,12,5,1,2,1,2,1,7,5,6
2025-08-26,9,0,11,3,1,3,3,4,1,4,3,5
2025-08-27,8,0,10,5,2,2,4,2,3,7,3,4
2025-08-28,12,0,14,3,3,2,1,1,0,5,5,6
2025-08-29,7,1,11,9,1,1,3,1,2,5,8,7
2025-08-30,6,2,14,6,3,3,3,1,0,6,4,7
2025-08-31,8,0,13,6,3,3,3,2,2,5,6,8
2025-09-01,7,2,6,2,1,4,0,2,0,3,4,4
2025-09-02,3,2,5,5,0,0,0,0,1,3,1,2
2025-09-03,2,2,6,5,0,0,3,0,0,2,1,3
2025-09-04,2,2,7,6,1,2,3,0,2,4,1,3
2025-09-05,5,0,9,3,2,0,3,0,0,2,4,4
2025-09-06,4,0,9,1,0,4,0,0,0,2,3,8
2025-09-07,7,0,7,2,0,1,1,0,0,3,2,2
2025-09-08,3,0,7,2,0,1,0,0,0,1,3,3
2025-09-09,3,0,5,1,2,0,0,2,3,4,2,2
2025-09-10,6,0,10,5,1,1,0,0,1,3,4,4
2025-09-11,4,2,3,4,1,1,0,2,1,3,2,4
2025-09-12,5,0,4,3,3,2,1,1,1,1,2,4
2025-09-13,5,1,7,3,1,2,0,0,0,4,2,5
2025-09-14,4,0,6,3,2,1,0,2,2,3,1,3
2025-09-15,2,0,4,2,1,1,2,1,0,5,5,2
2025-09-16,3,1,7,3,1,0,0,1,0,1,1,2
2025-09-17,2,1,10,2,0,1,3,1,2,3,1,1
2025-09-18,3,1,3,1,3,2,0,2,0,2,1,4
2025-09-19,2,0,6,2,5,2,2,3,1,5,4,4
2025-09-20,4,2,4,3,3,4,2,3,1,3,3,7
2025-09-21,1,0,4,1,2,1,2,1,1,2,2,2
2025-09-22,4,1,3,2,0,0,0,0,0,6,2,1
2025-09-23,4,2,3,1,0,0,3,1,1,3,2,2
2025-09-24,3,0,5,2,0,2,1,0,0,2,5,1
2025-09-25,3,0,6,2,1,0,1,0,2,1,4,2
2025-09-26,4,0,6,1,0,1,1,1,0,1,2,3
2025-09-27,2,1,3,5,2,7,1,2,0,3,3,2
2025-09-28,1,0,6,2,0,1,2,3,0,3,1,4
2025-09-29,1,1,5,1,1,2,0,0,0,1,2,4
2025-09-30,2,2,3,2,3,0,1,1,0,2,1,2
2025-10-01,2,0,8,1,4,1,1,1,1,3,5,5
2025-10-02,4,1,6,3,1,2,2,0,0,4,4,6
2025-10-03,5,0,6,3,1,2,0,1,0,3,1,5
2025-10-04,7,1,8,4,2,1,3,1,0,3,3,4
2025-10-05,3,0,5,1,1,1,3,2,1,3,2,3
2025-10-06,5,1,4,4,0,0,2,2,2,1,2,1
2025-10-07,2,0,3,4,0,3,1,1,4,5,1,2
2025-10-08,5,0,4,3,1,0,2,0,2,1,2,3
2025-10-09,3,0,6,4,3,1,0,0,0,1,3,3
2025-10-10,3,1,6,2,0,2,1,0,1,3,3,5
2025-10-11,5,0,7,3,2,3,3,1,0,3,2,4
2025-10-12,2,0,8,2,1,1,0,2,0,4,3,5
2025-10-13,2,1,5,2,0,1,1,0,1,1,4,2
2025-10-14,2,3,12,3,1,3,1,0,0,6,5,4
2025-10-15,5,1,4,1,1,0,3,3,0,1,3,2
2025-10-16,5,2,6,3,1,6,0,2,2,3,3,3
2025-10-17,3,0,9,3,2,1,1,3,1,5,2,2
2025-10-18,9,1,6,3,5,1,0,2,1,5,1,4
2025-10-19,2,1,8,4,1,1,0,1,1,3,1,4
2025-10-20,3,0,5,2,0,2,0,0,0,1,5,4
2025-10-21,3,1,7,5,2,1,0,0,1,3,4,5
2025-10-22,4,1,4,2,0,0,1,0,0,5,3,3
2025-10-23,3,1,5,2,0,1,1,0,1,2,5,4
2025-10-24,4,1,8,5,2,6,0,1,1,3,1,2
2025-10-25,6,1,7,3,1,2,3,2,0,5,4,3
2025-10-26,3,3,7,5,0,3,1,3,0,1,1,4
2025-10-27,2,1,6,1,2,1,0,1,1,3,2,2
2025-10-28,5,2,6,1,1,0,1,2,1,4,1,3
2025-10-29,3,1,5,4,2,1,2,2,0,3,2,5
2025-10-30,5,0,9,4,2,0,2,1,1,3,3,3
2025-10-31,3,2,6,2,2,3,2,0,0,4,2,4
2025-11-01,6,0,10,5,1,1,1,3,0,4,3,5
2025-11-02,6,2,6,2,2,5,1,0,1,3,3,3
2025-11-03,4,2,12,3,2,1,2,1,1,1,5,3
2025-11-04,3,2,8,5,0,3,2,4,0,3,7,3
2025-11-05,4,0,8,7,2,2,0,1,0,4,3,6
2025-11-06,5,1,6,2,1,1,2,1,0,3,3,6
2025-11-07,6,0,5,6,0,2,1,0,1,4,4,3
2025-11-08,5,0,7,5,2,3,2,3,2,4,3,7
2025-11-09,6,0,5,5,2,1,1,1,1,3,3,6
2025-11-10,4,1,8,1,0,2,4,2,1,2,4,4
2025-11-11,3,1,7,2,0,1,0,2,0,2,2,3
2025-11-12,6,2,6,1,2,1,4,1,0,4,4,3
2025-11-13,3,2,10,5,1,1,3,1,1,3,1,7
2025-11-14,4,0,8,3,1,1,1,0,1,5,1,2
2025-11-15,3,1,6,3,3,4,1,1,4,5,3,4
2025-11-16,5,2,6,2,4,1,1,0,0,4,5,5
2025-11-17,3,1,7,2,0,3,4,0,0,4,2,4
2025-11-18,2,2,5,3,1,3,1,3,0,6,2,3
2025-11-19,4,0,7,2,1,2,1,1,0,3,1,6
2025-11-20,6,0,8,2,3,1,0,1,1,2,4,3
2025-11-21,6,0,9,5,3,2,0,0,0,3,4,2
2025-11-22,5,2,6,4,2,3,2,1,2,6,3,6
2025-11-23,7,1,8,5,3,1,3,1,0,7,3,3
2025-11-24,4,3,10,1,2,2,0,0,3,6,1,4
2025-11-25,4,0,9,6,2,1,0,1,1,3,3,4
2025-11-26,3,3,7,3,0,3,2,1,0,3,1,5
2025-11-27,5,0,7,3,2,2,0,2,1,3,3,2
2025-11-28,4,2,8,2,2,3,0,1,2,3,4,4
2025-11-29,3,0,9,4,3,1,2,3,2,2,6,6
2025-11-30,5,1,5,2,0,1,1,3,1,3,3,3
2025-12-01,5,1,9,3,2,5,0,0,0,7,1,4
2025-12-02,7,1,9,3,2,2,0,1,0,4,2,6
2025-12-03,4,3,7,4,5,0,0,2,2,4,6,8
2025-12-04,8,1,5,3,1,0,5,0,3,5,4,4
2025-12-05,5,1,5,3,2,1,3,0,0,6,4,7
2025-12-06,5,2,9,4,2,0,1,4,0,5,3,10
2025-12-07,9,0,7,2,2,4,2,1,1,2,3,5
2025-12-08,5,1,5,6,0,2,1,1,1,5,4,8
2025-12-09,5,0,6,6,0,4,2,6,3,2,3,8
2025-12-10,4,3,9,5,2,4,1,0,2,3,5,6
2025-12-11,6,3,10,2,3,2,1,2,0,4,2,3
2025-12-12,5,0,6,3,4,4,1,0,3,6,3,3
2025-12-13,5,0,11,5,0,0,0,0,3,4,1,4
2025-12-14,7,0,12,3,4,0,2,1,2,6,3,5
2025-12-15,5,2,11,8,1,1,0,0,0,4,2,1
2025-12-16,5,1,7,4,2,0,0,3,0,5,5,2
2025-12-17,4,3,6,1,2,3,3,3,1,4,2,3
2025-12-18,5,0,10,4,2,2,1,0,2,1,4,0
2025-12-19,3,2,3,2,5,1,1,2,1,6,0,6
2025-12-20,4,2,6,6,1,7,1,1,0,7,2,1
2025-12-21,5,2,12,6,1,2,4,2,0,4,5,5
2025-12-22,4,0,10,3,1,1,4,1,0,1,7,5
2025-12-23,5,1,13,2,2,2,4,1,1,3,6,3
2025-12-24,6,0,8,1,0,1,0,0,0,2,6,5
2025-12-25,6,0,15,2,1,3,2,4,0,5,5,8
2025-12-26,5,1,7,7,0,3,2,4,2,2,3,4
2025-12-27,5,3,7,5,2,4,0,2,1,7,2,7
2025-12-28,4,0,10,2,1,2,3,1,1,5,9,4
2025-12-29,3,0,13,4,3,5,0,2,0,3,4,4
2025-12-30,6,0,7,6,0,2,3,2,1,3,1,4
2025-12-31,5,3,8,5,3,2,3,0,1,3,5,4
2026-01-01,3,0,2,2,1,1,0,0,0,1,4,3
2026-01-02,3,0,4,0,1,1,1,1,1,5,2,2
2026-01-03,4,0,2,2,2,3,1,3,0,3,4,6
2026-01-04,2,0,7,1,3,2,3,0,1,2,5,6
2026-01-05,4,0,5,3,2,1,2,1,0,2,1,2
2026-01-06,4,0,4,5,1,2,3,0,0,3,4,2
2026-01-07,2,0,5,2,1,1,1,1,0,4,0,3
2026-01-08,2,0,11,4,1,0,1,2,0,2,1,1
2026-01-09,3,1,5,0,1,1,0,0,2,4,2,2
2026-01-10,4,0,8,2,0,0,2,2,3,3,4,3
2026-01-11,4,1,4,2,0,0,1,0,0,1,3,0
2026-01-12,2,1,5,3,1,1,0,0,0,4,2,7
2026-01-13,3,2,3,0,0,2,0,1,1,6,4,3
2026-01-14,4,0,6,1,1,0,0,0,1,4,4,4
2026-01-15,3,0,7,3,1,1,1,0,1,5,4,5
2026-01-16,4,1,5,2,3,2,0,0,1,2,2,8
2026-01-17,5,0,7,5,2,2,0,0,0,5,6,3
2026-01-18,3,1,7,1,1,2,0,0,0,1,1,4
2026-01-19,2,0,2,1,0,1,1,0,2,2,4,2
2026-01-20,2,1,7,1,2,3,1,1,2,4,0,3
2026-01-21,2,2,8,4,1,2,2,0,1,1,2,3
2026-01-22,3,0,5,2,1,1,2,3,0,4,3,4
2026-01-23,4,1,6,6,1,1,1,0,0,4,1,5
2026-01-24,3,1,3,3,2,2,0,3,1,2,2,3
2026-01-25,2,1,6,4,1,3,0,2,1,3,3,3
2026-01-26,4,0,5,5,0,1,0,3,1,6,2,2
2026-01-27,2,2,5,3,0,1,0,2,0,1,5,5
2026-01-28,3,1,6,1,2,0,0,0,1,6,3,4
2026-01-29,2,0,4,3,1,3,1,0,1,4,2,3
2026-01-30,2,0,8,2,2,2,1,2,2,3,3,3
2026-01-31,2,1,7,6,1,0,0,2,1,2,2,4
2026-02-01,3,0,8,2,2,2,3,2,0,3,5,5
2026-02-02,3,1,4,7,1,4,0,1,1,7,2,4
2026-02-03,5,1,6,0,0,2,1,1,2,2,2,5
2026-02-04,4,1,8,5,0,2,0,1,0,3,4,5
2026-02-05,3,0,3,3,0,3,2,1,3,1,3,4
2026-02-06,4,0,5,1,2,1,0,0,0,1,2,2
2026-02-07,4,2,8,2,1,2,3,3,1,7,6,3
2026-02-08,3,2,6,3,0,2,0,0,0,1,5,5
2026-02-09,5,0,14,2,0,1,1,1,2,6,1,3
2026-02-10,3,2,5,3,0,1,2,1,0,3,3,2
2026-02-11,3,1,7,2,1,3,3,0,2,2,0,3
2026-02-12,3,0,8,7,1,5,2,0,0,1,3,4
2026-02-13,3,0,9,2,1,0,1,1,1,4,5,1
2026-02-14,3,0,9,4,2,1,2,3,0,4,5,2
2026-02-15,4,1,8,5,1,2,1,3,1,5,3,7
2026-02-16,5,0,10,1,1,3,1,0,0,5,1,2
2026-02-17,2,0,5,6,2,0,0,0,2,6,4,4
2026-02-18,4,3,2,2,1,1,0,2,0,0,2,4
2026-02-19,4,0,6,3,0,1,2,4,0,1,4,4
2026-02-20,2,1,5,5,1,0,1,0,0,0,3,3
2026-02-21,8,2,9,3,5,4,0,0,2,0,2,4
2026-02-22,5,0,6,4,0,1,0,1,1,3,2,6
2026-02-23,8,2,8,0,1,2,2,0,0,3,2,3
2026-02-24,3,1,7,3,1,0,0,1,0,7,0,3
2026-02-25,5,1,8,6,1,2,1,0,2,7,3,4
2026-02-26,5,1,5,4,0,2,0,1,1,4,4,4
2026-02-27,6,0,8,4,0,0,1,1,0,5,2,3
2026-02-28,3,4,3,5,3,4,1,1,0,3,2,7
2026-03-01,5,2,8,6,3,2,0,2,0,6,6,3
2026-03-02,7,3,16,1,2,4,2,2,1,6,2,4
2026-03-03,37,0,12,3,5,7,3,3,6,9,5,10
2026-03-04,46,0,15,4,4,3,1,2,1,6,5,12
2026-03-05,42,0,15,6,1,4,3,0,2,2,2,6
2026-03-06,40,2,9,2,2,4,1,3,6,3,3,4
2026-03-07,8,5,19,4,3,7,4,1,2,9,6,9
2026-03-08,7,3,12,5,3,3,2,3,4,8,7,6
2026-03-09,7,1,10,9,2,2,2,5,4,6,4,7
2026-03-10,5,1,11,5,2,3,0,3,1,6,6,13
2026-03-11,6,1,16,1,4,5,3,0,2,6,3,8
2026-03-12,5,0,14,6,2,3,3,6,3,6,6,6
2026-03-13,8,3,9,7,6,5,0,4,1,8,5,4
2026-03-14,7,3,15,9,2,1,3,1,2,9,8,8
2026-03-15,5,3,13,9,3,8,2,2,3,7,6,7
2026-03-16,11,1,15,8,1,4,1,3,3,5,3,6
2026-03-17,6,2,11,7,8,8,0,5,1,6,3,9
2026-03-18,7,2,11,7,3,1,1,0,2,9,4,7
2026-03-19,7,1,12,10,6,3,1,4,3,7,4,5
2026-03-20,6,0,12,2,7,2,2,3,4,16,4,10
2026-03-21,4,3,11,8,2,5,0,5,4,6,19,8
2026-03-22,5,3,10,9,5,2,1,2,1,8,6,7
2026-03-23,8,1,10,8,2,7,1,3,4,9,3,5
2026-03-24,6,1,14,8,3,4,2,4,1,4,2,6
2026-03-25,6,2,14,6,4,6,2,5,5,9,1,8
2026-03-26,7,4,11,4,4,1,3,5,5,4,7,4
2026-03-27,8,0,14,3,1,6,4,1,1,7,7,7
2026-03-28,4,1,14,6,1,3,0,3,2,12,8,11
2026-03-29,7,2,12,6,4,4,2,2,1,6,6,0
2026-03-30,10,1,10,8,2,2,1,2,3,4,1,0
2026-03-31,2,4,19,7,6,2,4,2,2,4,7,0
