Month,(Child) ASIN,SKU,Title,Units Ordered,Ordered Product Sales
Jan 2025,B0VXP9P2L9,TH-ACC-CL,Grill Grate Cleaner Kit,94,2239.46
Jan 2025,B08NJ8T8HL,TH-ACC-CP,Insulated Coffee Press,90,3940.54
Jan 2025,B04NH65XGK,TH-ACC-PT,Folding Prep Table,17,1737.29
Jan 2025,B0KCVWW3DH,TH-ACC-TL,Fire Poker & Tool Set,77,2899.67
Jan 2025,B074VQC7YP,TH-ACC-WS,Windshield Panel Set,29,1666.09
Jan 2025,B0764R42FC,TH-CID-06,Cast Iron Dutch Oven 6qt,75,6446.33
Jan 2025,B0XXPMRWG8,TH-CIS-10,"Cast Iron Skillet 10""",147,7061.39
Jan 2025,B064FR98KN,TH-CKW-08,Nesting Cookware Set 8pc,32,4318.53
Jan 2025,B04QRX4W7W,TH-GRL-01,Trailhead Portable Grill,92,17276.97
Jan 2025,B09M27VXQM,TH-GRL-02,Trailhead Grill Pro,16,4329.48
Jan 2025,B0THFJKPQR,TH-KIT-BS,"Camp Kitchen Kit, Basic",42,4816.78
Jan 2025,B0X2W468X3,TH-KIT-DX,"Camp Kitchen Kit, Deluxe",31,6896.47
Feb 2025,B0VXP9P2L9,TH-ACC-CL,Grill Grate Cleaner Kit,94,2249.79
Feb 2025,B08NJ8T8HL,TH-ACC-CP,Insulated Coffee Press,81,3534.72
Feb 2025,B04NH65XGK,TH-ACC-PT,Folding Prep Table,20,2076.97
Feb 2025,B0KCVWW3DH,TH-ACC-TL,Fire Poker & Tool Set,71,2760.94
Feb 2025,B074VQC7YP,TH-ACC-WS,Windshield Panel Set,29,1633.11
Feb 2025,B0764R42FC,TH-CID-06,Cast Iron Dutch Oven 6qt,77,6717.71
Feb 2025,B0XXPMRWG8,TH-CIS-10,"Cast Iron Skillet 10""",169,8249.21
Feb 2025,B064FR98KN,TH-CKW-08,Nesting Cookware Set 8pc,32,4386.23
Feb 2025,B04QRX4W7W,TH-GRL-01,Trailhead Portable Grill,101,18976.06
Feb 2025,B09M27VXQM,TH-GRL-02,Trailhead Grill Pro,23,6613.44
Feb 2025,B0THFJKPQR,TH-KIT-BS,"Camp Kitchen Kit, Basic",43,5006.53
Feb 2025,B0X2W468X3,TH-KIT-DX,"Camp Kitchen Kit, Deluxe",36,8097.29
Mar 2025,B0VXP9P2L9,TH-ACC-CL,Grill Grate Cleaner Kit,200,4792.55
Mar 2025,B08NJ8T8HL,TH-ACC-CP,Insulated Coffee Press,174,7619.43
Mar 2025,B04NH65XGK,TH-ACC-PT,Folding Prep Table,41,4425.64
Mar 2025,B0KCVWW3DH,TH-ACC-TL,Fire Poker & Tool Set,151,5790.79
Mar 2025,B074VQC7YP,TH-ACC-WS,Windshield Panel Set,62,3627.36
Mar 2025,B0764R42FC,TH-CID-06,Cast Iron Dutch Oven 6qt,161,14135.87
Mar 2025,B0XXPMRWG8,TH-CIS-10,"Cast Iron Skillet 10""",354,17345.85
Mar 2025,B064FR98KN,TH-CKW-08,Nesting Cookware Set 8pc,68,9336.04
Mar 2025,B04QRX4W7W,TH-GRL-01,Trailhead Portable Grill,216,40585.66
Mar 2025,B09M27VXQM,TH-GRL-02,Trailhead Grill Pro,50,14164.81
Mar 2025,B0THFJKPQR,TH-KIT-BS,"Camp Kitchen Kit, Basic",92,10452.86
Mar 2025,B0X2W468X3,TH-KIT-DX,"Camp Kitchen Kit, Deluxe",76,17331.14
Apr 2025,B0VXP9P2L9,TH-ACC-CL,Grill Grate Cleaner Kit,183,4384.00
Apr 2025,B08NJ8T8HL,TH-ACC-CP,Insulated Coffee Press,162,7147.00
Apr 2025,B04NH65XGK,TH-ACC-PT,Folding Prep Table,31,3348.00
Apr 2025,B0KCVWW3DH,TH-ACC-TL,Fire Poker & Tool Set,142,5522.00
Apr 2025,B074VQC7YP,TH-ACC-WS,Windshield Panel Set,45,2631.00
Apr 2025,B0764R42FC,TH-CID-06,Cast Iron Dutch Oven 6qt,151,13481.00
Apr 2025,B0XXPMRWG8,TH-CIS-10,"Cast Iron Skillet 10""",325,15917.00
Apr 2025,B064FR98KN,TH-CKW-08,Nesting Cookware Set 8pc,64,8933.00
Apr 2025,B04QRX4W7W,TH-GRL-01,Trailhead Portable Grill,202,38169.00
Apr 2025,B09M27VXQM,TH-GRL-02,Trailhead Grill Pro,41,11926.00
Apr 2025,B0THFJKPQR,TH-KIT-BS,"Camp Kitchen Kit, Basic",82,9780.00
Apr 2025,B0X2W468X3,TH-KIT-DX,"Camp Kitchen Kit, Deluxe",70,15949.00
May 2025,B0VXP9P2L9,TH-ACC-CL,Grill Grate Cleaner Kit,179,4298.00
May 2025,B08NJ8T8HL,TH-ACC-CP,Insulated Coffee Press,159,7004.00
May 2025,B04NH65XGK,TH-ACC-PT,Folding Prep Table,30,3281.00
May 2025,B0KCVWW3DH,TH-ACC-TL,Fire Poker & Tool Set,139,5412.00
May 2025,B074VQC7YP,TH-ACC-WS,Windshield Panel Set,44,2578.00
May 2025,B0764R42FC,TH-CID-06,Cast Iron Dutch Oven 6qt,148,13211.00
May 2025,B0XXPMRWG8,TH-CIS-10,"Cast Iron Skillet 10""",318,15599.00
May 2025,B064FR98KN,TH-CKW-08,Nesting Cookware Set 8pc,63,8755.00
May 2025,B04QRX4W7W,TH-GRL-01,Trailhead Portable Grill,198,37406.00
May 2025,B09M27VXQM,TH-GRL-02,Trailhead Grill Pro,40,11687.00
May 2025,B0THFJKPQR,TH-KIT-BS,"Camp Kitchen Kit, Basic",81,9585.00
May 2025,B0X2W468X3,TH-KIT-DX,"Camp Kitchen Kit, Deluxe",68,15630.00
Jun 2025,B0VXP9P2L9,TH-ACC-CL,Grill Grate Cleaner Kit,186,4473.00
Jun 2025,B08NJ8T8HL,TH-ACC-CP,Insulated Coffee Press,166,7289.00
Jun 2025,B04NH65XGK,TH-ACC-PT,Folding Prep Table,31,3415.00
Jun 2025,B0KCVWW3DH,TH-ACC-TL,Fire Poker & Tool Set,144,5633.00
Jun 2025,B074VQC7YP,TH-ACC-WS,Windshield Panel Set,45,2683.00
Jun 2025,B0764R42FC,TH-CID-06,Cast Iron Dutch Oven 6qt,155,13751.00
Jun 2025,B0XXPMRWG8,TH-CIS-10,"Cast Iron Skillet 10""",331,16236.00
Jun 2025,B064FR98KN,TH-CKW-08,Nesting Cookware Set 8pc,66,9112.00
Jun 2025,B04QRX4W7W,TH-GRL-01,Trailhead Portable Grill,108,20401.00
Jun 2025,B09M27VXQM,TH-GRL-02,Trailhead Grill Pro,42,12164.00
Jun 2025,B0THFJKPQR,TH-KIT-BS,"Camp Kitchen Kit, Basic",84,9976.00
Jun 2025,B0X2W468X3,TH-KIT-DX,"Camp Kitchen Kit, Deluxe",71,16268.00
Jul 2025,B0VXP9P2L9,TH-ACC-CL,Grill Grate Cleaner Kit,240,5710.16
Jul 2025,B08NJ8T8HL,TH-ACC-CP,Insulated Coffee Press,208,9137.81
Jul 2025,B04NH65XGK,TH-ACC-PT,Folding Prep Table,50,5360.50
Jul 2025,B0KCVWW3DH,TH-ACC-TL,Fire Poker & Tool Set,181,7026.37
Jul 2025,B074VQC7YP,TH-ACC-WS,Windshield Panel Set,74,4363.19
Jul 2025,B0764R42FC,TH-CID-06,Cast Iron Dutch Oven 6qt,192,17040.01
Jul 2025,B0XXPMRWG8,TH-CIS-10,"Cast Iron Skillet 10""",423,20725.62
Jul 2025,B064FR98KN,TH-CKW-08,Nesting Cookware Set 8pc,81,10925.41
Jul 2025,B04QRX4W7W,TH-GRL-01,Trailhead Portable Grill,232,43717.57
Jul 2025,B09M27VXQM,TH-GRL-02,Trailhead Grill Pro,59,16934.54
Jul 2025,B0THFJKPQR,TH-KIT-BS,"Camp Kitchen Kit, Basic",111,13090.34
Jul 2025,B0X2W468X3,TH-KIT-DX,"Camp Kitchen Kit, Deluxe",92,20143.48
Aug 2025,B0VXP9P2L9,TH-ACC-CL,Grill Grate Cleaner Kit,232,5535.80
Aug 2025,B08NJ8T8HL,TH-ACC-CP,Insulated Coffee Press,201,8681.98
Aug 2025,B04NH65XGK,TH-ACC-PT,Folding Prep Table,49,5155.52
Aug 2025,B0KCVWW3DH,TH-ACC-TL,Fire Poker & Tool Set,175,6813.89
Aug 2025,B074VQC7YP,TH-ACC-WS,Windshield Panel Set,72,4139.11
Aug 2025,B0764R42FC,TH-CID-06,Cast Iron Dutch Oven 6qt,186,16467.65
Aug 2025,B0XXPMRWG8,TH-CIS-10,"Cast Iron Skillet 10""",410,19904.20
Aug 2025,B064FR98KN,TH-CKW-08,Nesting Cookware Set 8pc,79,10954.67
Aug 2025,B04QRX4W7W,TH-GRL-01,Trailhead Portable Grill,250,47183.38
Aug 2025,B09M27VXQM,TH-GRL-02,Trailhead Grill Pro,58,16105.74
Aug 2025,B0THFJKPQR,TH-KIT-BS,"Camp Kitchen Kit, Basic",107,12656.47
Aug 2025,B0X2W468X3,TH-KIT-DX,"Camp Kitchen Kit, Deluxe",88,19990.59
Sep 2025,B0VXP9P2L9,TH-ACC-CL,Grill Grate Cleaner Kit,94,2159.97
Sep 2025,B08NJ8T8HL,TH-ACC-CP,Insulated Coffee Press,81,3518.72
Sep 2025,B04NH65XGK,TH-ACC-PT,Folding Prep Table,19,2021.82
Sep 2025,B0KCVWW3DH,TH-ACC-TL,Fire Poker & Tool Set,71,2719.13
Sep 2025,B074VQC7YP,TH-ACC-WS,Windshield Panel Set,29,1701.20
Sep 2025,B0764R42FC,TH-CID-06,Cast Iron Dutch Oven 6qt,77,6606.84
Sep 2025,B0XXPMRWG8,TH-CIS-10,"Cast Iron Skillet 10""",169,8105.58
Sep 2025,B064FR98KN,TH-CKW-08,Nesting Cookware Set 8pc,32,4395.42
Sep 2025,B04QRX4W7W,TH-GRL-01,Trailhead Portable Grill,101,18419.21
Sep 2025,B09M27VXQM,TH-GRL-02,Trailhead Grill Pro,23,6420.14
Sep 2025,B0THFJKPQR,TH-KIT-BS,"Camp Kitchen Kit, Basic",43,4976.16
Sep 2025,B0X2W468X3,TH-KIT-DX,"Camp Kitchen Kit, Deluxe",36,7627.81
Oct 2025,B0VXP9P2L9,TH-ACC-CL,Grill Grate Cleaner Kit,109,2516.23
Oct 2025,B08NJ8T8HL,TH-ACC-CP,Insulated Coffee Press,95,4032.10
Oct 2025,B04NH65XGK,TH-ACC-PT,Folding Prep Table,23,2469.55
Oct 2025,B0KCVWW3DH,TH-ACC-TL,Fire Poker & Tool Set,83,3132.60
Oct 2025,B074VQC7YP,TH-ACC-WS,Windshield Panel Set,34,1951.26
Oct 2025,B0764R42FC,TH-CID-06,Cast Iron Dutch Oven 6qt,89,7915.36
Oct 2025,B0XXPMRWG8,TH-CIS-10,"Cast Iron Skillet 10""",196,9551.94
Oct 2025,B064FR98KN,TH-CKW-08,Nesting Cookware Set 8pc,37,5131.34
Oct 2025,B04QRX4W7W,TH-GRL-01,Trailhead Portable Grill,118,21415.49
Oct 2025,B09M27VXQM,TH-GRL-02,Trailhead Grill Pro,27,7626.38
Oct 2025,B0THFJKPQR,TH-KIT-BS,"Camp Kitchen Kit, Basic",50,5854.61
Oct 2025,B0X2W468X3,TH-KIT-DX,"Camp Kitchen Kit, Deluxe",41,9085.14
Nov 2025,B0VXP9P2L9,TH-ACC-CL,Grill Grate Cleaner Kit,125,2980.79
Nov 2025,B08NJ8T8HL,TH-ACC-CP,Insulated Coffee Press,108,4713.72
Nov 2025,B04NH65XGK,TH-ACC-PT,Folding Prep Table,26,2783.34
Nov 2025,B0KCVWW3DH,TH-ACC-TL,Fire Poker & Tool Set,94,3545.06
Nov 2025,B074VQC7YP,TH-ACC-WS,Windshield Panel Set,39,2175.33
Nov 2025,B0764R42FC,TH-CID-06,Cast Iron Dutch Oven 6qt,101,8941.32
Nov 2025,B0XXPMRWG8,TH-CIS-10,"Cast Iron Skillet 10""",223,10921.04
Nov 2025,B064FR98KN,TH-CKW-08,Nesting Cookware Set 8pc,42,5660.36
Nov 2025,B04QRX4W7W,TH-GRL-01,Trailhead Portable Grill,134,24887.79
Nov 2025,B09M27VXQM,TH-GRL-02,Trailhead Grill Pro,31,8732.00
Nov 2025,B0THFJKPQR,TH-KIT-BS,"Camp Kitchen Kit, Basic",58,6648.66
Nov 2025,B0X2W468X3,TH-KIT-DX,"Camp Kitchen Kit, Deluxe",47,10632.59
Dec 2025,B0VXP9P2L9,TH-ACC-CL,Grill Grate Cleaner Kit,147,3483.43
Dec 2025,B08NJ8T8HL,TH-ACC-CP,Insulated Coffee Press,128,5507.25
Dec 2025,B04NH65XGK,TH-ACC-PT,Folding Prep Table,31,3191.84
Dec 2025,B0KCVWW3DH,TH-ACC-TL,Fire Poker & Tool Set,112,4330.13
Dec 2025,B074VQC7YP,TH-ACC-WS,Windshield Panel Set,46,2686.35
Dec 2025,B0764R42FC,TH-CID-06,Cast Iron Dutch Oven 6qt,120,10549.80
Dec 2025,B0XXPMRWG8,TH-CIS-10,"Cast Iron Skillet 10""",263,12443.76
Dec 2025,B064FR98KN,TH-CKW-08,Nesting Cookware Set 8pc,50,6579.66
Dec 2025,B04QRX4W7W,TH-GRL-01,Trailhead Portable Grill,160,28617.17
Dec 2025,B09M27VXQM,TH-GRL-02,Trailhead Grill Pro,36,10103.64
Dec 2025,B0THFJKPQR,TH-KIT-BS,"Camp Kitchen Kit, Basic",69,7775.86
Dec 2025,B0X2W468X3,TH-KIT-DX,"Camp Kitchen Kit, Deluxe",56,12364.11
Jan 2026,B0VXP9P2L9,TH-ACC-CL,Grill Grate Cleaner Kit,108,2545.20
Jan 2026,B08NJ8T8HL,TH-ACC-CP,Insulated Coffee Press,99,4285.60
Jan 2026,B04NH65XGK,TH-ACC-PT,Folding Prep Table,24,2561.50
Jan 2026,B0KCVWW3DH,TH-ACC-TL,Fire Poker & Tool Set,85,3252.60
Jan 2026,B074VQC7YP,TH-ACC-WS,Windshield Panel Set,29,1702.15
Jan 2026,B0764R42FC,TH-CID-06,Cast Iron Dutch Oven 6qt,79,6901.95
Jan 2026,B0XXPMRWG8,TH-CIS-10,"Cast Iron Skillet 10""",169,8214.85
Jan 2026,B064FR98KN,TH-CKW-08,Nesting Cookware Set 8pc,25,3475.00
Jan 2026,B04QRX4W7W,TH-GRL-01,Trailhead Portable Grill,92,17123.40
Jan 2026,B09M27VXQM,TH-GRL-02,Trailhead Grill Pro,17,4826.30
Jan 2026,B0THFJKPQR,TH-KIT-BS,"Camp Kitchen Kit, Basic",42,4867.10
Jan 2026,B0X2W468X3,TH-KIT-DX,"Camp Kitchen Kit, Deluxe",36,8140.95
Feb 2026,B0VXP9P2L9,TH-ACC-CL,Grill Grate Cleaner Kit,106,2506.80
Feb 2026,B08NJ8T8HL,TH-ACC-CP,Insulated Coffee Press,94,4103.00
Feb 2026,B04NH65XGK,TH-ACC-PT,Folding Prep Table,21,2261.75
Feb 2026,B0KCVWW3DH,TH-ACC-TL,Fire Poker & Tool Set,80,3090.75
Feb 2026,B074VQC7YP,TH-ACC-WS,Windshield Panel Set,29,1696.25
Feb 2026,B0764R42FC,TH-CID-06,Cast Iron Dutch Oven 6qt,94,8241.40
Feb 2026,B0XXPMRWG8,TH-CIS-10,"Cast Iron Skillet 10""",190,9224.25
Feb 2026,B064FR98KN,TH-CKW-08,Nesting Cookware Set 8pc,30,4135.25
Feb 2026,B04QRX4W7W,TH-GRL-01,Trailhead Portable Grill,113,21177.45
Feb 2026,B09M27VXQM,TH-GRL-02,Trailhead Grill Pro,26,7398.40
Feb 2026,B0THFJKPQR,TH-KIT-BS,"Camp Kitchen Kit, Basic",51,5991.65
Feb 2026,B0X2W468X3,TH-KIT-DX,"Camp Kitchen Kit, Deluxe",28,6377.65
Mar 2026,B0VXP9P2L9,TH-ACC-CL,Grill Grate Cleaner Kit,200,4730.40
Mar 2026,B08NJ8T8HL,TH-ACC-CP,Insulated Coffee Press,213,9295.00
Mar 2026,B04NH65XGK,TH-ACC-PT,Folding Prep Table,80,8572.85
Mar 2026,B0KCVWW3DH,TH-ACC-TL,Fire Poker & Tool Set,159,6124.95
Mar 2026,B074VQC7YP,TH-ACC-WS,Windshield Panel Set,86,5032.70
Mar 2026,B0764R42FC,TH-CID-06,Cast Iron Dutch Oven 6qt,184,16175.75
Mar 2026,B0XXPMRWG8,TH-CIS-10,"Cast Iron Skillet 10""",394,19065.90
Mar 2026,B064FR98KN,TH-CKW-08,Nesting Cookware Set 8pc,54,7387.85
Mar 2026,B04QRX4W7W,TH-GRL-01,Trailhead Portable Grill,339,57597.75
Mar 2026,B09M27VXQM,TH-GRL-02,Trailhead Grill Pro,55,15707.15
Mar 2026,B0THFJKPQR,TH-KIT-BS,"Camp Kitchen Kit, Basic",121,14214.55
Mar 2026,B0X2W468X3,TH-KIT-DX,"Camp Kitchen Kit, Deluxe",103,23346.55
