BidWorks Media | Monthly Performance Summary
Client: Tannerhill Co. | Period: Jan 2025 to Mar 2026

Month,Spend,Impressions,Clicks,CTR,CPC,Quality score
Jan 2025,"$14,000","2,324,000","41,056",1.77%,$0.34,8
Feb 2025,"$14,000","1,718,000","32,407",1.89%,$0.43,7
Mar 2025,"$14,000","1,869,000","30,568",1.64%,$0.46,7.9
Apr 2025,"$14,000","2,659,000","41,543",1.56%,$0.34,8.3
May 2025,"$14,000","1,945,000","33,413",1.72%,$0.42,6.5
Jun 2025,"$14,000","1,752,000","30,973",1.77%,$0.45,6.4
Jul 2025,"$14,000","2,333,000","40,698",1.74%,$0.34,6.7
Aug 2025,"$14,000","2,838,000","41,667",1.47%,$0.34,8.1
Sep 2025,"$14,000","2,668,000","34,826",1.31%,$0.40,6.8
Oct 2025,"$14,000","2,389,000","39,660",1.66%,$0.35,7.5
Nov 2025,"$14,000","2,717,000","37,736",1.39%,$0.37,6.8
Dec 2025,"$14,000","2,861,000","41,298",1.44%,$0.34,7.6
Jan 2026,"$14,000","2,210,000","37,128",1.68%,$0.38,7.4
Feb 2026,"$14,000","2,052,000","37,140",1.81%,$0.38,7.1
Mar 2026,"$14,000","2,694,000","41,220",1.53%,$0.34,7.8

"Monthly fee and media are billed together at $14,000 per month."
"Spend by product is sent once a year, on request."
