Order month,SKU,ASIN,Title,Units refunded,Refund amount
Jan 2025,TH-ACC-CL,B0VXP9P2L9,Grill Grate Cleaner Kit,5,120.00
Jan 2025,TH-ACC-CP,B08NJ8T8HL,Insulated Coffee Press,5,220.00
Jan 2025,TH-ACC-PT,B04NH65XGK,Folding Prep Table,0,0.00
Jan 2025,TH-ACC-TL,B0KCVWW3DH,Fire Poker & Tool Set,2,78.00
Jan 2025,TH-ACC-WS,B074VQC7YP,Windshield Panel Set,1,59.00
Jan 2025,TH-CID-06,B0764R42FC,Cast Iron Dutch Oven 6qt,2,178.00
Jan 2025,TH-CIS-10,B0XXPMRWG8,"Cast Iron Skillet 10""",6,294.00
Jan 2025,TH-CKW-08,B064FR98KN,Nesting Cookware Set 8pc,1,139.00
Jan 2025,TH-GRL-01,B04QRX4W7W,Trailhead Portable Grill,5,945.00
Jan 2025,TH-GRL-02,B09M27VXQM,Trailhead Grill Pro,0,0.00
Jan 2025,TH-KIT-BS,B0THFJKPQR,"Camp Kitchen Kit, Basic",1,119.00
Jan 2025,TH-KIT-DX,B0X2W468X3,"Camp Kitchen Kit, Deluxe",1,229.00
Feb 2025,TH-ACC-CL,B0VXP9P2L9,Grill Grate Cleaner Kit,4,96.00
Feb 2025,TH-ACC-CP,B08NJ8T8HL,Insulated Coffee Press,3,132.00
Feb 2025,TH-ACC-PT,B04NH65XGK,Folding Prep Table,0,0.00
Feb 2025,TH-ACC-TL,B0KCVWW3DH,Fire Poker & Tool Set,3,117.00
Feb 2025,TH-ACC-WS,B074VQC7YP,Windshield Panel Set,0,0.00
Feb 2025,TH-CID-06,B0764R42FC,Cast Iron Dutch Oven 6qt,2,178.00
Feb 2025,TH-CIS-10,B0XXPMRWG8,"Cast Iron Skillet 10""",7,343.00
Feb 2025,TH-CKW-08,B064FR98KN,Nesting Cookware Set 8pc,1,139.00
Feb 2025,TH-GRL-01,B04QRX4W7W,Trailhead Portable Grill,4,756.00
Feb 2025,TH-GRL-02,B09M27VXQM,Trailhead Grill Pro,1,289.00
Feb 2025,TH-KIT-BS,B0THFJKPQR,"Camp Kitchen Kit, Basic",1,119.00
Feb 2025,TH-KIT-DX,B0X2W468X3,"Camp Kitchen Kit, Deluxe",1,229.00
Mar 2025,TH-ACC-CL,B0VXP9P2L9,Grill Grate Cleaner Kit,11,264.00
Mar 2025,TH-ACC-CP,B08NJ8T8HL,Insulated Coffee Press,9,396.00
Mar 2025,TH-ACC-PT,B04NH65XGK,Folding Prep Table,2,218.00
Mar 2025,TH-ACC-TL,B0KCVWW3DH,Fire Poker & Tool Set,6,234.00
Mar 2025,TH-ACC-WS,B074VQC7YP,Windshield Panel Set,3,177.00
Mar 2025,TH-CID-06,B0764R42FC,Cast Iron Dutch Oven 6qt,7,623.00
Mar 2025,TH-CIS-10,B0XXPMRWG8,"Cast Iron Skillet 10""",20,980.00
Mar 2025,TH-CKW-08,B064FR98KN,Nesting Cookware Set 8pc,3,417.00
Mar 2025,TH-GRL-01,B04QRX4W7W,Trailhead Portable Grill,11,2079.00
Mar 2025,TH-GRL-02,B09M27VXQM,Trailhead Grill Pro,2,578.00
Mar 2025,TH-KIT-BS,B0THFJKPQR,"Camp Kitchen Kit, Basic",1,119.00
Mar 2025,TH-KIT-DX,B0X2W468X3,"Camp Kitchen Kit, Deluxe",4,916.00
Apr 2025,TH-ACC-CL,B0VXP9P2L9,Grill Grate Cleaner Kit,10,241.00
Apr 2025,TH-ACC-CP,B08NJ8T8HL,Insulated Coffee Press,9,393.00
Apr 2025,TH-ACC-PT,B04NH65XGK,Folding Prep Table,2,184.00
Apr 2025,TH-ACC-TL,B0KCVWW3DH,Fire Poker & Tool Set,8,304.00
Apr 2025,TH-ACC-WS,B074VQC7YP,Windshield Panel Set,2,145.00
Apr 2025,TH-CID-06,B0764R42FC,Cast Iron Dutch Oven 6qt,8,741.00
Apr 2025,TH-CIS-10,B0XXPMRWG8,"Cast Iron Skillet 10""",18,875.00
Apr 2025,TH-CKW-08,B064FR98KN,Nesting Cookware Set 8pc,4,491.00
Apr 2025,TH-GRL-01,B04QRX4W7W,Trailhead Portable Grill,11,2099.00
Apr 2025,TH-GRL-02,B09M27VXQM,Trailhead Grill Pro,2,656.00
Apr 2025,TH-KIT-BS,B0THFJKPQR,"Camp Kitchen Kit, Basic",5,538.00
Apr 2025,TH-KIT-DX,B0X2W468X3,"Camp Kitchen Kit, Deluxe",4,877.00
May 2025,TH-ACC-CL,B0VXP9P2L9,Grill Grate Cleaner Kit,10,236.00
May 2025,TH-ACC-CP,B08NJ8T8HL,Insulated Coffee Press,9,385.00
May 2025,TH-ACC-PT,B04NH65XGK,Folding Prep Table,2,180.00
May 2025,TH-ACC-TL,B0KCVWW3DH,Fire Poker & Tool Set,8,298.00
May 2025,TH-ACC-WS,B074VQC7YP,Windshield Panel Set,2,142.00
May 2025,TH-CID-06,B0764R42FC,Cast Iron Dutch Oven 6qt,8,727.00
May 2025,TH-CIS-10,B0XXPMRWG8,"Cast Iron Skillet 10""",18,858.00
May 2025,TH-CKW-08,B064FR98KN,Nesting Cookware Set 8pc,3,482.00
May 2025,TH-GRL-01,B04QRX4W7W,Trailhead Portable Grill,11,2058.00
May 2025,TH-GRL-02,B09M27VXQM,Trailhead Grill Pro,2,643.00
May 2025,TH-KIT-BS,B0THFJKPQR,"Camp Kitchen Kit, Basic",4,527.00
May 2025,TH-KIT-DX,B0X2W468X3,"Camp Kitchen Kit, Deluxe",4,860.00
Jun 2025,TH-ACC-CL,B0VXP9P2L9,Grill Grate Cleaner Kit,10,246.00
Jun 2025,TH-ACC-CP,B08NJ8T8HL,Insulated Coffee Press,9,401.00
Jun 2025,TH-ACC-PT,B04NH65XGK,Folding Prep Table,2,188.00
Jun 2025,TH-ACC-TL,B0KCVWW3DH,Fire Poker & Tool Set,8,310.00
Jun 2025,TH-ACC-WS,B074VQC7YP,Windshield Panel Set,3,148.00
Jun 2025,TH-CID-06,B0764R42FC,Cast Iron Dutch Oven 6qt,8,756.00
Jun 2025,TH-CIS-10,B0XXPMRWG8,"Cast Iron Skillet 10""",18,893.00
Jun 2025,TH-CKW-08,B064FR98KN,Nesting Cookware Set 8pc,4,501.00
Jun 2025,TH-GRL-01,B04QRX4W7W,Trailhead Portable Grill,6,1122.00
Jun 2025,TH-GRL-02,B09M27VXQM,Trailhead Grill Pro,2,669.00
Jun 2025,TH-KIT-BS,B0THFJKPQR,"Camp Kitchen Kit, Basic",5,549.00
Jun 2025,TH-KIT-DX,B0X2W468X3,"Camp Kitchen Kit, Deluxe",4,894.00
Jul 2025,TH-ACC-CL,B0VXP9P2L9,Grill Grate Cleaner Kit,11,264.00
Jul 2025,TH-ACC-CP,B08NJ8T8HL,Insulated Coffee Press,11,484.00
Jul 2025,TH-ACC-PT,B04NH65XGK,Folding Prep Table,2,218.00
Jul 2025,TH-ACC-TL,B0KCVWW3DH,Fire Poker & Tool Set,9,351.00
Jul 2025,TH-ACC-WS,B074VQC7YP,Windshield Panel Set,4,236.00
Jul 2025,TH-CID-06,B0764R42FC,Cast Iron Dutch Oven 6qt,10,890.00
Jul 2025,TH-CIS-10,B0XXPMRWG8,"Cast Iron Skillet 10""",23,1127.00
Jul 2025,TH-CKW-08,B064FR98KN,Nesting Cookware Set 8pc,2,278.00
Jul 2025,TH-GRL-01,B04QRX4W7W,Trailhead Portable Grill,12,2268.00
Jul 2025,TH-GRL-02,B09M27VXQM,Trailhead Grill Pro,3,867.00
Jul 2025,TH-KIT-BS,B0THFJKPQR,"Camp Kitchen Kit, Basic",5,595.00
Jul 2025,TH-KIT-DX,B0X2W468X3,"Camp Kitchen Kit, Deluxe",1,229.00
Aug 2025,TH-ACC-CL,B0VXP9P2L9,Grill Grate Cleaner Kit,11,264.00
Aug 2025,TH-ACC-CP,B08NJ8T8HL,Insulated Coffee Press,7,308.00
Aug 2025,TH-ACC-PT,B04NH65XGK,Folding Prep Table,1,109.00
Aug 2025,TH-ACC-TL,B0KCVWW3DH,Fire Poker & Tool Set,9,351.00
Aug 2025,TH-ACC-WS,B074VQC7YP,Windshield Panel Set,2,118.00
Aug 2025,TH-CID-06,B0764R42FC,Cast Iron Dutch Oven 6qt,9,801.00
Aug 2025,TH-CIS-10,B0XXPMRWG8,"Cast Iron Skillet 10""",18,882.00
Aug 2025,TH-CKW-08,B064FR98KN,Nesting Cookware Set 8pc,4,556.00
Aug 2025,TH-GRL-01,B04QRX4W7W,Trailhead Portable Grill,13,2457.00
Aug 2025,TH-GRL-02,B09M27VXQM,Trailhead Grill Pro,1,289.00
Aug 2025,TH-KIT-BS,B0THFJKPQR,"Camp Kitchen Kit, Basic",5,595.00
Aug 2025,TH-KIT-DX,B0X2W468X3,"Camp Kitchen Kit, Deluxe",4,916.00
Sep 2025,TH-ACC-CL,B0VXP9P2L9,Grill Grate Cleaner Kit,3,72.00
Sep 2025,TH-ACC-CP,B08NJ8T8HL,Insulated Coffee Press,5,220.00
Sep 2025,TH-ACC-PT,B04NH65XGK,Folding Prep Table,1,109.00
Sep 2025,TH-ACC-TL,B0KCVWW3DH,Fire Poker & Tool Set,4,156.00
Sep 2025,TH-ACC-WS,B074VQC7YP,Windshield Panel Set,2,118.00
Sep 2025,TH-CID-06,B0764R42FC,Cast Iron Dutch Oven 6qt,3,267.00
Sep 2025,TH-CIS-10,B0XXPMRWG8,"Cast Iron Skillet 10""",9,441.00
Sep 2025,TH-CKW-08,B064FR98KN,Nesting Cookware Set 8pc,2,278.00
Sep 2025,TH-GRL-01,B04QRX4W7W,Trailhead Portable Grill,4,756.00
Sep 2025,TH-GRL-02,B09M27VXQM,Trailhead Grill Pro,1,289.00
Sep 2025,TH-KIT-BS,B0THFJKPQR,"Camp Kitchen Kit, Basic",2,238.00
Sep 2025,TH-KIT-DX,B0X2W468X3,"Camp Kitchen Kit, Deluxe",0,0.00
Oct 2025,TH-ACC-CL,B0VXP9P2L9,Grill Grate Cleaner Kit,2,48.00
Oct 2025,TH-ACC-CP,B08NJ8T8HL,Insulated Coffee Press,2,88.00
Oct 2025,TH-ACC-PT,B04NH65XGK,Folding Prep Table,1,109.00
Oct 2025,TH-ACC-TL,B0KCVWW3DH,Fire Poker & Tool Set,2,78.00
Oct 2025,TH-ACC-WS,B074VQC7YP,Windshield Panel Set,1,59.00
Oct 2025,TH-CID-06,B0764R42FC,Cast Iron Dutch Oven 6qt,5,445.00
Oct 2025,TH-CIS-10,B0XXPMRWG8,"Cast Iron Skillet 10""",10,490.00
Oct 2025,TH-CKW-08,B064FR98KN,Nesting Cookware Set 8pc,2,278.00
Oct 2025,TH-GRL-01,B04QRX4W7W,Trailhead Portable Grill,2,378.00
Oct 2025,TH-GRL-02,B09M27VXQM,Trailhead Grill Pro,1,289.00
Oct 2025,TH-KIT-BS,B0THFJKPQR,"Camp Kitchen Kit, Basic",2,238.00
Oct 2025,TH-KIT-DX,B0X2W468X3,"Camp Kitchen Kit, Deluxe",1,229.00
Nov 2025,TH-ACC-CL,B0VXP9P2L9,Grill Grate Cleaner Kit,6,144.00
Nov 2025,TH-ACC-CP,B08NJ8T8HL,Insulated Coffee Press,5,220.00
Nov 2025,TH-ACC-PT,B04NH65XGK,Folding Prep Table,1,109.00
Nov 2025,TH-ACC-TL,B0KCVWW3DH,Fire Poker & Tool Set,2,78.00
Nov 2025,TH-ACC-WS,B074VQC7YP,Windshield Panel Set,0,0.00
Nov 2025,TH-CID-06,B0764R42FC,Cast Iron Dutch Oven 6qt,5,445.00
Nov 2025,TH-CIS-10,B0XXPMRWG8,"Cast Iron Skillet 10""",12,588.00
Nov 2025,TH-CKW-08,B064FR98KN,Nesting Cookware Set 8pc,1,139.00
Nov 2025,TH-GRL-01,B04QRX4W7W,Trailhead Portable Grill,5,945.00
Nov 2025,TH-GRL-02,B09M27VXQM,Trailhead Grill Pro,1,289.00
Nov 2025,TH-KIT-BS,B0THFJKPQR,"Camp Kitchen Kit, Basic",1,119.00
Nov 2025,TH-KIT-DX,B0X2W468X3,"Camp Kitchen Kit, Deluxe",2,458.00
Dec 2025,TH-ACC-CL,B0VXP9P2L9,Grill Grate Cleaner Kit,6,144.00
Dec 2025,TH-ACC-CP,B08NJ8T8HL,Insulated Coffee Press,4,176.00
Dec 2025,TH-ACC-PT,B04NH65XGK,Folding Prep Table,0,0.00
Dec 2025,TH-ACC-TL,B0KCVWW3DH,Fire Poker & Tool Set,5,195.00
Dec 2025,TH-ACC-WS,B074VQC7YP,Windshield Panel Set,2,118.00
Dec 2025,TH-CID-06,B0764R42FC,Cast Iron Dutch Oven 6qt,5,445.00
Dec 2025,TH-CIS-10,B0XXPMRWG8,"Cast Iron Skillet 10""",5,245.00
Dec 2025,TH-CKW-08,B064FR98KN,Nesting Cookware Set 8pc,0,0.00
Dec 2025,TH-GRL-01,B04QRX4W7W,Trailhead Portable Grill,0,0.00
Dec 2025,TH-GRL-02,B09M27VXQM,Trailhead Grill Pro,1,289.00
Dec 2025,TH-KIT-BS,B0THFJKPQR,"Camp Kitchen Kit, Basic",0,0.00
Dec 2025,TH-KIT-DX,B0X2W468X3,"Camp Kitchen Kit, Deluxe",1,229.00
Jan 2026,TH-ACC-CL,B0VXP9P2L9,Grill Grate Cleaner Kit,4,96.00
Jan 2026,TH-ACC-CP,B08NJ8T8HL,Insulated Coffee Press,2,81.40
Jan 2026,TH-ACC-PT,B04NH65XGK,Folding Prep Table,0,0.00
Jan 2026,TH-ACC-TL,B0KCVWW3DH,Fire Poker & Tool Set,5,195.00
Jan 2026,TH-ACC-WS,B074VQC7YP,Windshield Panel Set,1,59.00
Jan 2026,TH-CID-06,B0764R42FC,Cast Iron Dutch Oven 6qt,2,169.10
Jan 2026,TH-CIS-10,B0XXPMRWG8,"Cast Iron Skillet 10""",7,343.00
Jan 2026,TH-CKW-08,B064FR98KN,Nesting Cookware Set 8pc,2,278.00
Jan 2026,TH-GRL-01,B04QRX4W7W,Trailhead Portable Grill,0,0.00
Jan 2026,TH-GRL-02,B09M27VXQM,Trailhead Grill Pro,0,0.00
Jan 2026,TH-KIT-BS,B0THFJKPQR,"Camp Kitchen Kit, Basic",0,0.00
Jan 2026,TH-KIT-DX,B0X2W468X3,"Camp Kitchen Kit, Deluxe",0,0.00
Feb 2026,TH-ACC-CL,B0VXP9P2L9,Grill Grate Cleaner Kit,4,92.40
Feb 2026,TH-ACC-CP,B08NJ8T8HL,Insulated Coffee Press,3,132.00
Feb 2026,TH-ACC-PT,B04NH65XGK,Folding Prep Table,1,92.65
Feb 2026,TH-ACC-TL,B0KCVWW3DH,Fire Poker & Tool Set,3,115.05
Feb 2026,TH-ACC-WS,B074VQC7YP,Windshield Panel Set,2,118.00
Feb 2026,TH-CID-06,B0764R42FC,Cast Iron Dutch Oven 6qt,0,0.00
Feb 2026,TH-CIS-10,B0XXPMRWG8,"Cast Iron Skillet 10""",6,284.20
Feb 2026,TH-CKW-08,B064FR98KN,Nesting Cookware Set 8pc,1,139.00
Feb 2026,TH-GRL-01,B04QRX4W7W,Trailhead Portable Grill,6,1134.00
Feb 2026,TH-GRL-02,B09M27VXQM,Trailhead Grill Pro,2,549.10
Feb 2026,TH-KIT-BS,B0THFJKPQR,"Camp Kitchen Kit, Basic",2,238.00
Feb 2026,TH-KIT-DX,B0X2W468X3,"Camp Kitchen Kit, Deluxe",3,687.00
Mar 2026,TH-ACC-CL,B0VXP9P2L9,Grill Grate Cleaner Kit,4,96.00
Mar 2026,TH-ACC-CP,B08NJ8T8HL,Insulated Coffee Press,5,220.00
Mar 2026,TH-ACC-PT,B04NH65XGK,Folding Prep Table,4,436.00
Mar 2026,TH-ACC-TL,B0KCVWW3DH,Fire Poker & Tool Set,4,156.00
Mar 2026,TH-ACC-WS,B074VQC7YP,Windshield Panel Set,2,118.00
Mar 2026,TH-CID-06,B0764R42FC,Cast Iron Dutch Oven 6qt,6,520.65
Mar 2026,TH-CIS-10,B0XXPMRWG8,"Cast Iron Skillet 10""",13,624.75
Mar 2026,TH-CKW-08,B064FR98KN,Nesting Cookware Set 8pc,3,410.05
Mar 2026,TH-GRL-01,B04QRX4W7W,Trailhead Portable Grill,11,1833.30
Mar 2026,TH-GRL-02,B09M27VXQM,Trailhead Grill Pro,1,289.00
Mar 2026,TH-KIT-BS,B0THFJKPQR,"Camp Kitchen Kit, Basic",2,238.00
Mar 2026,TH-KIT-DX,B0X2W468X3,"Camp Kitchen Kit, Deluxe",2,458.00
