"Tannerhill Co. Revenue by month, January 2025 to March 2026"
"From QuickBooks, accrual basis, by order date. Prepared by M. Delgado, 3 April 2026."

Month,Amazon (net of refunds),Shopify (net of discounts and returns),Kickstarter (recognized when rewards ship),Total revenue,"Kickstarter pledges collected, net of fees (cash, not revenue)",Books
Jan 2025,61248.00,17438.00,0.00,78686.00,0.00,Closed
Feb 2025,67904.00,19331.00,0.00,87235.00,0.00,Closed
Mar 2025,142607.00,40602.00,0.00,183209.00,0.00,Closed
Apr 2025,129643.00,36911.00,0.00,166554.00,63158.00,Closed
May 2025,127050.00,36173.00,0.00,163223.00,94737.00,Closed
Jun 2025,114724.00,33686.00,0.00,148410.00,52632.00,Closed
Jul 2025,166368.00,47645.00,0.00,214013.00,0.00,Closed
Aug 2025,165943.00,47246.00,0.00,213189.00,0.00,Closed
Sep 2025,65728.00,18715.00,210527.00,294970.00,0.00,Closed
Oct 2025,77953.00,22194.00,0.00,100147.00,0.00,Closed
Nov 2025,89088.00,25364.00,0.00,114452.00,0.00,Closed
Dec 2025,105792.00,30120.00,0.00,135912.00,0.00,Closed
Jan 2026,66675.10,19130.05,0.00,85805.15,0.00,Closed
Feb 2026,72623.20,20504.40,0.00,93127.60,0.00,Closed
Mar 2026,181851.65,39868.45,0.00,221720.10,0.00,Open - not yet closed
Total 2025,1314048.00,375425.00,210527.00,1900000.00,210527.00,
Total 2026 (Jan-Mar),321149.95,79502.90,0.00,400652.85,0.00,

"Kickstarter 2025 pledges were collected April to June and recognized in September, when the Griddle Plate shipped to backers."
March 2026 is not closed. Amazon refunds on late-March orders are still coming in.
"June 2025 Amazon is $114,724, the Business Report less refunds by order date. The FY2025 summary shows $114,723 because of rounding."
