id,received,channel,from,subject,order_number
CS-02,2026-03-02 11:05,Amazon buyer messages,D. Kowalski,Where is my order?,113-2285019-4471632
CS-03,2026-03-02 13:22,Amazon buyer messages,Amazon customer (pre-sale),Propane or charcoal?,
CS-09,2026-03-04 14:37,Amazon buyer messages,K. Yilmaz,Dutch oven cracked,114-0287756-9913480
CS-10,2026-03-04 21:10,Amazon buyer messages,Amazon customer (pre-sale),Pre-seasoned?,
CS-11,2026-03-05 07:44,Amazon buyer messages,R. Mensah,No tracking,114-7730281-5520947
CS-13,2026-03-05 22:05,Amazon buyer messages,T. Ferreira,THIRD TIME ASKING,113-6619027-3384410
CS-17,2026-03-07 10:26,Amazon buyer messages,J. Abadi,when will i get this,112-9046623-1187054
CS-19,2026-03-08 20:14,Amazon buyer messages,B. Ostrowski,Ignition dead,112-1843307-2256618
CS-20,2026-03-09 08:52,Amazon buyer messages,L. Brennan,Charged twice?,111-3378104-6092213
CS-24,2026-03-10 12:02,Amazon buyer messages,S. Nkemelu,Cancel my order,112-5503981-7746129
CS-26,2026-03-11 10:45,Amazon buyer messages,Amazon customer (pre-sale),Deluxe vs Basic,
CS-28,2026-03-11 21:37,Amazon buyer messages,M. Delacroix,ABSOLUTELY UNACCEPTABLE - LAST CHANCE BEFORE REVIEW,111-5927730-4418856
CS-30,2026-03-12 19:48,Amazon buyer messages,C. Nwachukwu,Doesn't fit my setup,113-8840215-6627301
CS-33,2026-03-14 14:38,Amazon buyer messages,N. Abramowicz,Re: your message,114-3390118-7724509
CS-34,2026-03-15 08:05,Amazon buyer messages,K. Yilmaz,Re: Dutch oven cracked,114-0287756-9913480
CS-37,2026-03-16 19:44,Amazon buyer messages,P. Serrano,Lifetime guarantee,112-7745201-3398661
CS-43,2026-03-18 12:25,Amazon buyer messages,R. Castellanos,Formal complaint - consumer protection law,111-9028337-5541290
